DH_Mortos,DH_Desabrigados,DH_Desalojados,DM_Unidades Habitacionais Destruídas,DM_Instalações públicas de saúde Valor,DM_Instalações públicas de ensino Valor,prioridade
2,1177,2476,16,239618.71070378,679607.6577236347,Alta
2,1352,2302,19,528954.2879179346,386760.0185670593,Alta
4,930,2227,27,212662.35706066235,796420.6798599891,Alta
3,1253,1939,27,615560.0944569081,352265.16609164147,Alta
4,598,2924,21,578736.696828222,272548.9837728545,Alta
1,575,1404,15,327715.35420004337,258686.7397415029,Alta
3,966,2711,13,504755.897016809,636915.1841544749,Alta
0,634,3136,19,720027.3768265065,450064.5825923928,Alta
5,1006,1840,18,652966.3479940688,874727.8400957675,Media
3,745,1085,18,454693.9412859562,443429.1108074299,Alta
4,1241,3180,15,453005.4101231652,722082.3878044686,Alta
3,927,1015,14,508297.1209270523,270935.3621464029,Baixa
3,1307,2152,31,703761.0830815556,264081.02455191454,Alta
3,702,1563,27,458098.5958150705,542391.7530307492,Alta
2,1595,2325,23,671567.4413291847,400796.0589292692,Alta
3,717,2314,26,382998.4044774816,720700.4116147828,Alta
2,1198,2821,23,431163.1331363361,429898.99484998814,Alta
2,925,2213,25,517615.6446800241,330137.0949573384,Alta
5,1001,2112,27,322556.6620353938,652734.1756166408,Alta
4,1517,2178,26,372704.1504546426,406552.3682509273,Alta
2,1052,2776,23,366054.3475616963,453382.68427734514,Alta
5,781,2103,16,659506.5424057855,764053.9607582939,Media
2,761,1350,30,645365.5956453318,463049.4071575106,Alta
2,718,1282,29,434313.5696573495,574791.988960481,Alta
2,578,1140,16,537691.5591374653,510288.880511152,Alta
4,1386,1545,31,609608.0874270648,174288.84267955972,Media
3,1031,983,11,438574.4179602611,299228.34678817185,Baixa
5,1311,1919,28,572856.1340059759,217268.57571180136,Alta
1,610,1883,25,464746.94141283433,679770.3755623112,Alta
3,891,3229,13,480751.4537868311,556467.8291632184,Alta
2,1427,2562,25,721492.1667132454,279553.4868491628,Alta
5,463,2356,28,461067.7851955376,378105.11010915966,Alta
4,1023,1148,29,772187.1323088368,179420.28544963786,Media
5,1115,1875,25,466821.8453696006,264354.0332514144,Alta
2,318,1581,27,706504.1115074645,301367.69240304286,Alta
2,761,1426,21,515732.0590666872,614200.5561853294,Alta
2,1547,2751,15,627024.1617186266,377656.2340567003,Alta
4,1330,1674,25,246875.6876171221,434330.8954782576,Alta
4,1392,2972,27,388289.9523747989,503470.0478311586,Alta
1,484,2855,17,741231.2141968065,457070.447958619,Alta
2,722,1708,28,542798.8554433326,585150.4692712302,Alta
5,893,1632,18,787879.3025948702,708292.3001985344,Media
1,506,1658,23,612832.0597359415,564451.8399007954,Alta
5,840,1875,15,590892.9675969025,724968.1842945252,Media
5,1369,1533,21,705545.931607276,531425.7659876808,Alta
3,749,1575,29,526051.3477400306,641817.2207788177,Alta
4,689,1603,25,206001.6964428821,827903.300675073,Alta
3,1206,1660,32,292017.38190044934,661862.713052162,Alta
1,930,2859,23,382585.2388089696,373386.2923101419,Alta
1,860,3278,20,650798.7869418373,308710.70974624617,Alta
5,1470,2479,15,205727.23881484932,813078.0029815513,Alta
3,685,1563,13,459797.7505755794,615126.1381177094,Alta
5,1307,1545,21,634328.3028058496,635645.8612339075,Alta
3,694,2254,17,682903.086446173,473976.8405344444,Alta
5,806,2388,17,698762.7474636389,753592.543300683,Baixa
2,335,1901,16,692795.6920544342,425647.27262187575,Alta
4,1384,1990,28,456347.1706427886,363782.6039328979,Alta
5,930,1657,12,700321.9715240019,825128.4870766272,Media
4,1604,2664,20,517273.0158138008,428760.93698046985,Alta
1,698,1942,26,427943.095533226,557057.8892006611,Alta
4,487,2315,13,620095.2967315502,503322.2599169568,Alta
1,432,1984,25,449613.6138265882,657348.7503243578,Alta
5,486,2265,30,507773.40822837554,304882.12405287335,Alta
4,1027,2125,16,731089.5177752235,467594.17492555897,Alta
2,1036,1051,22,776649.0058157346,469308.44387765264,Alta
4,1031,1835,17,291826.0785102811,150369.84005608052,Alta
1,1315,1415,30,173399.7455732972,436139.3518397201,Baixa
5,1383,2709,12,379993.1730998671,748773.5326545861,Alta
5,1042,2400,18,697590.0018544439,401486.0679117968,Alta
5,960,1597,17,160536.25757201918,223070.3817646261,Alta
4,666,1311,12,515003.5049875334,264783.46027374035,Baixa
1,574,2027,20,460614.36562894017,619639.201723638,Alta
3,1256,1663,24,244488.5568498519,772294.8905112011,Alta
5,1152,2716,25,480242.76312561904,443814.7668614328,Alta
5,1347,1840,29,271811.8277795957,625497.5515809704,Alta
1,1040,2828,24,472702.1997931205,409422.4421009709,Alta
5,1537,1461,21,622110.4871441504,535244.3565123499,Alta
6,1100,1470,30,251366.30087678708,603379.8906529112,Alta
4,836,2963,18,800949.8087638959,237661.38131155528,Alta
5,1436,2324,15,275586.9248248583,830970.4756292092,Alta
4,440,2584,17,518436.2510330527,326962.5997885689,Alta
2,727,1514,17,552060.3688496668,600534.290091124,Alta
3,830,1503,24,662629.0913862537,805783.1626511276,Alta
3,814,1315,13,481284.2657916241,201865.0754048238,Baixa
2,1092,2225,20,187860.8683108588,748907.5078808831,Alta
2,1182,1334,26,186182.21465229124,205545.1895419124,Alta
4,1240,2666,29,422547.68706186186,486929.35184329946,Alta
2,1112,2716,15,257076.2796268955,717628.6805838584,Alta
2,911,2497,16,277562.15878796554,637365.3209422381,Alta
5,1352,1654,27,433258.4940705014,380388.0856795039,Alta
2,577,2486,16,744496.5159320448,460659.8525036331,Alta
1,745,1570,24,533871.9165905318,471606.5660253973,Alta
4,858,2105,22,646532.1307194077,650338.4462388421,Alta
4,1540,2262,29,549404.1256068932,516666.3452839271,Alta
1,712,3148,21,782463.5237912297,495670.4193865591,Alta
2,667,2347,19,617654.1299344405,551965.6754639115,Alta
4,1129,2004,20,481174.6399188354,653722.3876440234,Alta
4,1445,2224,13,184050.9635310256,347848.869400739,Alta
3,1120,2750,14,345023.3953044667,716724.1326221318,Alta
4,531,2284,17,753928.4231811012,576095.1275049513,Alta
0,435,2130,22,409791.6824121409,619682.5941878798,Alta
4,833,2162,15,280880.07787560194,693301.9218274618,Alta
2,480,2281,15,781387.4445675422,507584.2928017098,Alta
2,579,2262,19,739401.7907981072,575508.9431897022,Alta
3,759,953,15,495725.7920530219,505578.2103833209,Alta
3,1118,2780,19,383794.6457320141,732856.517473709,Alta
4,743,2819,25,635641.3069516843,369450.9352856029,Alta
1,867,1814,19,443219.3744867568,267852.0430517533,Alta
5,778,2299,15,640604.918606075,828087.1340987224,Baixa
2,751,1464,17,336305.32456698245,229153.252993547,Alta
5,793,3125,15,687568.9785992324,251290.06902998977,Alta
3,1089,1805,22,695064.7523776403,480248.83837093465,Alta
5,1046,1387,32,647496.754079611,228356.61103060623,Media
2,814,2252,14,684528.982409116,561734.4029847368,Alta
4,1113,1066,29,736787.4356434738,262466.692502827,Media
5,714,1884,30,516887.3018631487,419117.0408868847,Alta
2,660,1698,25,679556.8149061438,434781.2461667741,Alta
2,565,2171,29,383512.9979775172,647442.8334020376,Alta
2,579,3244,19,719216.582659119,349941.18381323107,Alta
3,753,1428,30,569880.7357028804,692629.0284190887,Alta
4,494,3395,12,784181.3859043027,285250.3465811417,Alta
3,559,1498,26,565118.4380457653,391730.8177547212,Alta
4,1288,3145,12,398608.9237439447,612084.1234943103,Alta
5,1554,1357,29,161899.786651888,402784.8590030156,Alta
5,1096,1957,26,329820.13382970484,777087.040292017,Alta
4,1627,1988,15,325748.3465621227,322358.08738727344,Alta
5,798,2834,14,640227.4439324824,695733.879678614,Baixa
3,1500,2551,18,697393.8492285387,394242.9487462498,Alta
4,1343,1410,31,193591.7607851716,452205.0097180794,Alta
2,866,2563,18,282232.10074688104,685589.8099983111,Alta
5,1511,2736,18,353485.2975800041,698763.5572498743,Alta
3,827,1110,19,482101.82186909736,457689.449341594,Alta
5,1330,1888,34,316048.3275532086,346804.7552975163,Alta
4,1040,1980,29,331220.91700528684,691795.0862384412,Alta
2,1267,1284,26,227525.33968087484,294977.97211236315,Alta
2,864,1205,18,724908.630076677,362513.9380890132,Alta
4,1356,2225,26,684907.3850274517,436608.1793733749,Alta
3,1189,1963,30,222629.8780034558,430544.5162097714,Baixa
3,601,2868,16,628710.9040459894,282957.3627600629,Alta
6,887,1967,20,682480.3643374325,773456.8720401252,Media
2,1318,1856,26,291321.80173944624,762168.4247186384,Alta
4,623,2559,11,662606.9980326112,534807.3233047862,Alta
5,1025,1520,16,770075.5323112876,721317.4442780794,Media
5,1235,2177,21,722066.8693026674,230397.60414906053,Alta
2,904,814,20,746204.0164710019,204973.4857299182,Alta
2,714,1419,21,580115.0724797015,632214.0727897076,Alta
1,1158,2465,18,408065.3318517074,394377.6353402348,Alta
3,660,1081,29,686682.0513363096,323806.1596037316,Alta
3,808,606,14,591278.8265900266,223291.2426012746,Baixa
2,1338,1001,28,397137.79304402816,597855.3884742095,Baixa
4,1230,1607,33,762795.5106979824,212056.83020058388,Media
6,853,1629,17,747438.9600826867,816823.2869612616,Media
3,448,1429,28,555323.4460093707,616444.4167062376,Alta
6,937,1772,27,242191.5718870054,755374.3218527779,Alta
1,250,1971,24,428940.00314661936,598401.148429917,Alta
5,698,2669,15,681146.7243334791,196544.86173561143,Alta
4,941,2479,22,690543.1177473952,610224.9883469713,Alta
5,1345,2279,26,554960.243400968,246542.27591953144,Alta
1,1093,1570,20,327072.0717187253,537008.1326928366,Alta
3,1508,1890,16,270491.3292115152,410562.6301543718,Alta
2,632,3054,20,708783.4437440886,454599.30135553546,Alta
1,650,908,19,451642.5362514172,523650.5169365653,Alta
1,1022,2276,22,309834.89643224486,690437.7006483119,Alta
2,1271,1473,31,367628.46772146574,562241.7863854858,Baixa
6,1123,1864,13,691679.6822780061,737722.3450167977,Media
4,706,1980,15,710752.3417760292,803793.0119883927,Media
4,871,2038,21,656717.3721224039,572842.543143356,Alta
4,1568,1147,21,691584.4449966396,637815.7425490918,Alta
3,1423,2723,25,531563.8491178291,502136.9751648455,Alta
3,1033,1752,19,732281.7877963125,396889.1969136183,Alta
3,659,1683,27,489128.4618011919,544276.1517960064,Alta
5,1187,2611,13,165031.84522303956,745816.1886008873,Alta
4,980,2512,12,220056.80652880223,571987.8691725165,Alta
5,642,2335,17,610122.8596246247,769183.9976155163,Baixa
5,829,2073,16,646486.6617670269,570426.6933687171,Alta
5,1523,2979,14,365028.52896850987,881758.0454043117,Alta
3,833,1752,29,504232.1436564267,564109.6503795327,Alta
2,1296,1738,24,326992.6452188993,319052.46708752366,Alta
1,511,2736,19,728357.3741932337,469430.0272102774,Alta
3,1510,2191,28,698807.2848114227,150275.42234287155,Alta
4,336,2682,14,537988.7533522977,783972.0552827286,Baixa
2,475,1649,26,468264.6143776186,634604.5840465504,Alta
3,783,1177,14,580864.6776773211,372673.53160340665,Baixa
3,1119,2279,27,562574.3772731818,419284.2801178561,Alta
2,827,1298,16,453628.5517891035,302249.26844570605,Alta
5,517,2072,23,363392.9623577993,736529.0161355023,Alta
5,1461,1592,21,526888.5754918955,492665.43866365,Alta
3,577,2222,24,302676.974071282,745818.4256701252,Alta
3,1539,2426,25,604474.456631488,410550.8650765284,Alta
2,1067,1592,26,224754.90216877512,288413.2596881216,Alta
3,1046,1225,33,195038.897156842,623704.16611538,Baixa
3,852,1833,27,346537.5973955743,605314.7047061544,Alta
3,1349,1804,16,164929.0780711979,426309.14761726814,Alta
2,707,1821,29,507316.5356011472,671529.0495687267,Alta
5,1066,2094,30,234998.73284243047,641705.4092605055,Alta
2,1344,1526,30,214002.444999197,515640.3160006688,Baixa
2,948,2696,22,421885.7365146489,440905.62904269673,Alta
4,297,1793,23,681454.6855950116,702231.5623457202,Alta
4,761,2064,25,236924.53420003943,838639.3718718475,Alta
4,983,2135,18,643133.2426304923,676423.6529692336,Alta
5,728,2028,24,632292.4154180193,427208.8343124554,Alta
2,700,1952,18,874190.1443369273,647163.6967261224,Alta
2,1053,1256,27,249506.9952776326,208640.9851176584,Alta
2,874,845,17,508519.1236608719,398175.231807237,Baixa
4,727,2211,13,726692.1350099915,421152.0165293297,Alta
2,1244,1738,27,243900.063015172,709373.6909647607,Alta
2,805,944,20,746938.6475167855,265263.64114478114,Alta
5,1436,1569,21,551869.8022194013,671189.4435048585,Alta
2,1299,1875,28,130823.63779269684,167433.24559694884,Alta
0,646,2659,19,468134.0988596618,806105.5722165238,Alta
3,721,1185,16,401272.16578159726,503117.8949507133,Alta
5,639,1694,25,441971.530787484,449042.916472028,Alta
1,1016,2754,23,389972.9147118167,489098.2089743632,Alta
3,1294,1715,28,366888.6393181259,707229.5946848984,Alta
4,526,2348,26,320766.85013033875,608987.048942143,Alta
4,1002,2136,22,430838.7176478951,627705.070675763,Alta
5,1546,1727,14,210838.21526158252,334174.687677116,Alta
1,816,2875,21,402412.42634665145,736812.3166576644,Alta
4,565,1809,29,559649.2552028983,492992.8759802616,Alta
3,1191,1399,27,215999.21921964549,753276.2360408359,Alta
5,673,2877,15,587929.3182879335,763175.2290494861,Baixa
3,487,2443,17,743589.261519667,352654.6928464215,Alta
1,974,2500,21,581902.6780368676,361795.6623790297,Alta
3,1156,919,18,471528.0820283581,716216.0680165548,Alta
5,1345,2213,17,575938.8863042658,432607.4883424941,Alta
5,727,2416,26,392572.0167648872,372731.42460509145,Alta
5,1672,2422,14,300372.9605896849,754475.8547456671,Alta
4,1302,2700,28,460410.3728014376,389169.0430231835,Alta
2,717,1317,18,353650.1307304031,620024.5914520355,Alta
1,796,2868,18,476563.6404481623,733717.7572535095,Alta
4,914,2698,15,321836.7082052621,782075.0576682611,Alta
3,1076,1538,31,637423.542292566,275191.8770377557,Media
3,641,1491,17,640215.5629791613,595723.433639878,Alta
2,1402,2064,21,537036.9147875902,174707.7608796662,Alta
2,624,1404,23,612954.084758948,361922.6634961784,Alta
0,685,1177,14,480901.41040757886,370066.7382209697,Alta
1,1225,1386,28,305156.39202854154,488478.08484810765,Baixa
2,1061,1936,23,389144.5230615139,798180.5167153265,Alta
2,770,989,19,658059.3853728796,200668.7341949732,Alta
5,1238,2289,26,546097.1050810022,280031.698270881,Alta
6,553,2590,17,581175.059526427,749591.5799916122,Baixa
1,686,2386,25,450489.4955003109,612278.0504598675,Alta
1,542,875,16,448100.4076413824,365330.4516368797,Alta
3,794,767,20,764198.0588674219,316644.42856052594,Alta
2,840,1550,14,368271.2764161271,125686.72646844636,Alta
5,1093,1293,29,547405.8712051783,197530.9770036304,Media
2,573,2236,15,770845.9991061311,504461.89581832977,Alta
4,624,2086,26,548083.8340202089,321877.4185190307,Alta
3,525,2255,23,327070.4055257245,783196.8626231289,Alta
2,596,1342,14,452680.57121744286,580934.1593347557,Alta
3,486,1961,28,215340.84861075284,619890.1378255275,Alta
2,1463,2264,29,691808.094890452,435469.9651590873,Alta
2,1147,1436,21,392341.7997711344,453353.55736411386,Alta
4,1182,2596,21,551058.8960744396,157541.4679576766,Alta
4,1217,1418,31,583620.0855097882,306948.74220288364,Media
2,1187,1406,27,272731.8561769332,209502.961893008,Alta
4,371,2468,17,780794.9449783468,213495.01730772748,Alta
5,1146,2571,15,768274.0982435037,562483.5174447797,Alta
2,1089,2461,20,609767.343112159,226405.338137048,Alta
3,804,1565,26,679664.0608990507,419015.8124979849,Alta
3,1051,2272,21,382139.7030046064,558920.7472809416,Alta
3,1033,2259,26,546680.063991513,335995.9458993251,Alta
6,1272,2356,21,573097.0122605441,326768.3598945893,Alta
0,741,1317,18,572362.2360266785,485294.7811126338,Alta
1,492,2019,25,481648.6566352321,601234.9688948351,Alta
2,1311,1289,27,241848.4457429428,269640.2858567327,Alta
3,595,1720,28,571201.4246511062,758851.3978134438,Alta
6,628,2782,18,667104.1572870491,851944.6721981512,Baixa
4,782,2571,15,674981.5143093878,594523.756596921,Alta
3,1511,2340,20,292606.3509528072,321773.82719803776,Alta
1,564,2536,22,480115.1787462818,630386.9681246071,Alta
5,1450,2375,24,306505.2878462376,512722.207023638,Alta
2,566,1878,17,662990.7045013264,486854.7175071463,Alta
1,409,2121,19,524167.2520384081,607439.8227636409,Alta
3,1086,1809,23,229186.4442585568,830391.831314177,Alta
1,481,1353,26,567583.4345200587,760006.8151004289,Alta
5,560,2008,26,389798.0663761186,458092.7470270604,Alta
3,1286,2214,27,544688.1301795412,314690.54823349684,Alta
5,658,2202,29,529572.3114531781,342805.4039660679,Alta
2,1312,2168,25,564734.9914276527,373946.7730679032,Alta
1,1083,2612,24,469926.0380939111,472926.0432760944,Alta
1,1105,916,19,400034.3037632812,423698.6882353922,Alta
5,1255,1585,28,320161.5575065259,422751.7854007618,Alta
2,1020,2377,18,297153.7917240933,642303.6516399586,Alta
2,1330,2594,23,669586.8038493971,295310.2784513467,Alta
3,694,1928,27,457122.3151326958,485072.6345064546,Alta
2,688,2555,13,697906.2739494231,608081.756478147,Alta
1,1232,1323,19,162107.30814984854,520252.856468492,Alta
2,726,1445,26,808702.5546361922,393824.4561055425,Alta
4,681,2256,15,557980.8332322615,471685.1339101863,Alta
2,1101,1594,28,305516.78923750366,222095.2249116836,Alta
5,1500,1066,31,123868.15035643932,425876.64065598126,Alta
0,599,1448,20,429766.17732668703,337183.9495752304,Alta
3,1243,1838,25,614510.1100506695,469084.106407366,Alta
2,1389,2803,19,581843.6157189044,227783.93758394045,Alta
3,613,2170,28,333027.4130388206,656420.7142551101,Alta
3,1158,2225,20,384814.7920084058,724903.0569880068,Alta
4,829,2267,19,543400.4638795138,630597.4250700066,Alta
3,1349,1092,16,686095.3420507188,721659.3618920885,Alta
4,718,2729,16,700520.0587198959,333556.4044569976,Alta
0,481,204,11,158151.4445743168,136057.996009985,Media
0,213,591,6,94664.32758093816,75820.70913438665,Media
0,179,559,8,140817.11924235456,133977.91586869824,Media
2,490,687,6,149816.4349767445,138585.91733988927,Media
2,417,609,5,190181.09147132863,125853.71583188097,Media
1,96,480,8,96041.33023484785,185996.8139893329,Baixa
1,418,332,13,112625.8338481582,143050.72425595718,Media
2,403,1072,6,67052.53596732294,77083.85779086908,Media
1,165,954,14,181290.36211396824,156756.80989877036,Media
0,137,452,11,52186.454913339,192310.9470757321,Baixa
0,209,423,7,183113.96561573155,161985.4663928087,Media
0,234,670,15,137779.71178827202,193324.7009366654,Media
1,155,427,11,46160.65877557927,99210.01214766435,Media
0,395,60,13,163027.1985962955,145930.71410733217,Alta
0,351,1124,14,165945.5053493444,139633.89818253598,Media
2,367,754,4,151308.20111727054,126176.61130945248,Media
2,371,671,12,130969.89581589783,210941.5376773468,Media
0,93,652,11,75189.14919312162,66697.48550630419,Media
1,257,676,3,118530.6521378804,133420.1427887351,Media
2,476,614,5,128009.7909866138,92718.29221969895,Media
1,221,1035,15,112413.43300648384,48151.34721075457,Media
2,330,852,9,121412.39351417458,175961.72677392507,Media
0,332,989,10,138707.7499601015,53923.8448800537,Media
1,253,125,11,181480.31373042843,99971.821563736,Media
1,141,1004,12,97768.2515619317,70985.77566847038,Media
1,197,821,8,69711.63715528267,181076.4238147749,Media
1,392,704,7,94092.53530291175,105025.81320600574,Media
0,278,891,8,187172.1471695335,122398.82257947272,Media
1,368,799,8,136724.45815859264,77070.93438321774,Media
0,228,570,15,67067.72597564397,115650.11055467844,Media
1,108,940,6,63799.07632734373,180279.77135281605,Media
0,257,536,8,142154.8477202236,146698.49878684754,Media
2,252,268,8,144391.2812489518,83052.25456671354,Media
0,290,433,12,191180.68520347256,153163.39006247846,Alta
0,208,607,6,110502.2128439058,73494.36127239502,Media
2,267,417,12,138489.8708417678,117263.73235591227,Media
2,320,883,9,124476.75512648647,146773.4356644785,Media
1,153,524,8,161837.73677643717,125608.81113667878,Media
2,130,300,8,188778.17748031628,117911.38852256692,Media
1,417,581,13,132278.42724356835,138341.45795826902,Media
1,334,921,9,191262.76516337725,87478.63074826736,Media
1,392,359,15,177780.84045158362,135195.36404658385,Media
0,232,517,12,60068.04496073971,59469.16172274391,Media
2,286,704,6,159143.21122944943,68594.17152796092,Media
1,173,773,5,49915.75843720761,171323.51593647688,Media
0,418,463,8,156230.24555130524,47250.329793024335,Media
1,329,500,8,160907.86746472408,52394.79835462639,Media
2,358,774,13,94253.3563408073,199593.77707314573,Media
1,386,613,5,132297.8049232172,139374.2584333836,Media
0,291,912,7,204165.00412565548,147558.95630030864,Media
1,420,393,9,127691.06594117104,165243.9212390884,Media
0,337,653,8,165993.02889954625,49891.72477315449,Media
0,130,1075,13,183026.4189086973,150959.33403959798,Media
0,271,953,17,174764.26223107113,123621.49369042391,Media
2,229,633,14,135748.50084195603,117104.23303220687,Media
2,621,1022,6,42153.20545957297,95448.8859867278,Media
1,105,503,16,72128.396382883,198712.42058516492,Media
2,200,103,2,119549.34091318716,166053.2126702707,Media
2,261,486,12,176610.75848768002,108115.38686939796,Media
2,238,222,6,144369.8312557635,187156.6017373952,Media
1,152,511,10,129504.38133169468,59940.39058778511,Media
0,412,385,10,127321.24896240947,67186.04923214087,Media
2,358,304,6,111082.40007034127,141146.8211152524,Media
2,522,734,9,108723.61032862372,38368.54148215549,Media
1,148,1011,4,64390.605742811575,167199.7727769836,Media
2,226,917,9,120142.4745447918,156049.89979315334,Media
0,317,1022,8,184958.32270114752,135358.53729742166,Media
1,150,760,12,80685.8405908355,70935.88258037217,Alta
2,267,869,11,108964.3886316104,157914.08711086042,Media
1,287,535,5,126772.82738661968,107382.85239234078,Media
0,504,857,6,182350.63170501537,119657.38834874643,Media
0,439,434,15,149509.65674661333,149446.81199177005,Media
2,333,758,14,127647.47326236652,189006.65427159425,Media
0,375,1045,3,116177.22771032434,57280.63716144156,Media
0,162,521,8,159719.07908112966,130658.77031780774,Media
1,287,1074,8,193627.8694255412,115576.91347456515,Media
2,186,512,6,77435.70832925748,41300.58617685722,Media
2,485,509,7,129922.48734480074,104634.8346345365,Media
2,538,919,7,55957.3197545364,116210.27672286695,Media
0,415,249,10,151009.5334543525,177532.2640166345,Media
0,519,876,5,190437.0099135516,100930.36270255002,Media
1,86,486,9,100812.34245703474,172209.96212047726,Baixa
2,501,926,7,60894.125845952265,105279.33749579825,Media
0,485,295,17,121790.7641254472,171417.44910934387,Media
1,211,429,9,215559.82871406525,59894.78751359302,Media
2,145,808,5,64186.49398383317,49710.37726085864,Alta
1,318,671,6,121367.41808621926,120981.02626563114,Media
1,111,273,13,57589.71468469513,101606.60859151334,Media
0,235,647,9,36783.094358148126,72760.39769823106,Media
0,99,857,14,198782.6642375405,194965.63426905024,Media
1,196,970,9,56483.9040473194,57890.863134927786,Media
1,86,234,7,212930.4135105924,75943.37470922593,Media
2,173,933,9,77479.43548049353,91927.2495978397,Alta
1,122,894,14,104774.2958571729,73427.99459411934,Alta
0,484,341,14,126457.6022405647,153058.37228437464,Media
0,307,385,8,97689.38985660631,48842.55418830321,Media
1,181,596,6,106035.2787552566,105902.23852881898,Media
1,128,477,12,71745.76651896816,141488.23917003066,Media
0,181,499,9,192212.5445110007,212584.59010167312,Media
0,415,493,8,90476.27211956866,152900.11245653554,Media
0,297,893,16,153947.4466660639,135082.48138697827,Media
2,158,117,8,151309.37035032362,136280.53128890134,Media
2,118,782,7,41612.43533057743,72511.32894299159,Alta
2,167,797,6,124930.34853441211,133018.7766924761,Media
1,426,565,11,166755.422612963,41522.46731570247,Media
1,362,1012,9,137911.63755385033,56209.39585831411,Media
2,115,641,6,172144.86266944563,61546.64939619958,Media
1,352,526,4,172846.60465485964,149324.56486301168,Media
2,282,558,11,149157.8282860679,158261.82964515258,Media
2,268,695,8,136471.36347821922,145141.97556544666,Media
1,508,791,6,105969.92375146772,79079.83950530773,Media
2,214,917,15,112354.58746623936,88885.7470523707,Media
1,417,393,12,148505.50001181272,161546.0607205715,Media
1,184,482,11,143324.1224553979,140300.9916711245,Media
1,360,243,6,135887.28557800304,233985.1828294613,Media
2,283,826,13,152264.978183811,51565.47969248628,Media
0,170,810,8,145950.1764228526,88893.78507108198,Media
1,345,523,6,126181.67829797324,142960.72651114603,Media
1,162,335,12,87989.32166519534,124605.42156247755,Media
0,497,864,2,192751.0953363982,124659.44058647452,Media
1,320,319,5,210314.25051368805,135862.78863717054,Media
0,216,412,9,197023.3706840248,161429.54710639614,Media
0,305,1010,8,162231.9069708372,131731.2191752909,Media
2,311,896,11,64972.08064530364,151702.40965989602,Media
2,220,651,17,122019.63566776091,189231.46602652644,Media
2,201,674,6,129041.56589120472,79512.09227678263,Media
0,232,402,11,201094.69605340427,119145.62289909634,Alta
1,40,475,9,91988.5961153167,170545.11873216464,Baixa
1,377,327,10,130449.44472955388,169949.42751987634,Media
2,357,445,12,140026.87132608672,102126.64972436069,Media
1,186,438,15,80353.73948551333,142730.62124279974,Media
2,117,679,6,163733.13268935823,95002.1204787785,Media
0,455,470,7,105295.18975447126,181736.8808622324,Media
1,332,219,10,179795.90538173434,110001.97027395797,Media
2,317,363,5,106119.39776002908,156162.85741408457,Media
1,264,715,5,120326.6021886847,146289.39548376598,Media
0,452,376,10,147983.2271702803,155327.06893219834,Media
0,198,929,9,142754.828256828,100067.9350663012,Media
1,375,341,5,151203.6745333322,116523.12647468165,Media
2,544,554,7,121242.25666496991,45409.01906900192,Media
0,462,714,14,185261.5490763705,146842.30520555584,Media
2,121,471,13,129472.21020285958,158204.54708095297,Media
2,430,331,5,184276.77673645216,157080.65074810782,Media
3,228,632,9,153955.65168780272,169363.44732035373,Media
3,474,614,6,154339.0912724472,125398.94536684288,Media
2,222,755,4,51372.204361033946,69504.14953240848,Alta
1,113,473,10,117285.06794635132,54261.84995525485,Media
1,290,732,11,164626.4814985638,67766.38601291867,Media
1,161,353,13,113352.51269401293,122001.07259183888,Media
1,275,209,10,173689.45296556756,112789.4630789528,Media
0,246,732,15,164135.30210469972,123613.06031966256,Media
2,149,167,12,91892.16082544927,118413.97217805372,Media
1,108,265,13,146878.6077475746,128567.57249950733,Media
0,196,542,7,158863.64635810303,110039.06990794955,Media
0,455,583,6,101635.40318080172,175032.13897394034,Media
0,240,330,12,188812.595154828,127633.43151442036,Alta
1,277,561,16,194915.4036323577,165022.80841652473,Media
0,350,905,7,132982.93208059348,55846.47723154919,Media
3,165,958,6,100712.61185430083,80934.72127004169,Alta
1,479,659,12,148364.19789429195,154609.9513523183,Media
1,373,188,8,147727.1985065638,168440.69237306368,Media
1,0,287,6,76536.49646698596,144918.00268377393,Baixa
0,146,366,10,116263.21292816254,134850.24532344533,Media
0,198,547,6,156293.11200142434,139331.0437782705,Media
2,322,938,10,106873.28778611304,148272.2631114708,Media
2,353,583,15,151654.95179981686,173518.23126762325,Media
0,211,1021,11,166627.42524399213,38922.67590206629,Media
0,228,333,8,144598.0330061214,174074.53181254648,Media
1,398,895,8,85002.07313991454,107553.91477076504,Media
0,356,687,10,183452.67774341995,51749.52856710577,Media
1,155,558,10,136764.36885760046,120675.92016013384,Media
0,204,641,8,70466.01795457625,70242.72623914508,Media
3,237,714,7,81444.33108162286,166347.21222663458,Media
1,367,829,11,72052.71387181866,125269.36852407064,Alta
0,336,848,5,196664.2606469128,133892.54658978654,Media
2,349,915,10,90557.86242151956,177364.92297686203,Media
2,407,86,9,139012.86079085688,55435.63737837926,Media
0,234,492,16,84548.61248872816,105857.72181476548,Media
0,310,456,7,165060.05028516843,27708.09212595444,Media
1,300,138,11,163752.58566235338,115879.96351927044,Media
1,327,335,13,111424.55193647338,10437.528543815424,Media
1,159,962,6,72624.21706048849,142624.50892223118,Media
1,506,465,13,125494.41123969412,129191.4871787808,Media
1,448,434,14,157516.0666806991,178593.61104046865,Media
1,202,243,12,62760.91638456698,94133.415026047,Media
2,522,650,5,117030.42630816907,71437.96054071681,Media
0,386,369,11,199084.86865406943,33854.95364362826,Media
2,294,770,11,159994.6077105179,154796.08789710986,Media
0,140,911,11,140313.71927781982,76058.20098272062,Media
2,285,789,16,127782.99557298172,67677.16466240096,Media
1,375,896,7,133487.35865222054,48112.84509520079,Media
1,98,355,13,90743.41791593922,151133.28029009458,Media
2,154,680,5,56725.221422694405,72972.16031942674,Alta
0,444,1007,15,204209.59254967683,143312.55526363035,Media
1,259,825,8,158874.58741716912,70146.72665614945,Media
2,517,1039,4,77888.84411332429,98549.3433918078,Media
1,189,121,9,206796.03199419825,93285.10590567865,Media
2,385,428,11,169427.51953564043,116932.60598273636,Media
2,303,934,4,140527.39038160382,145519.64474004213,Media
2,88,446,10,193574.290676548,95862.07547721104,Media
2,258,1024,10,86102.66844779412,159751.99698069636,Media
0,123,952,14,222802.672694616,177522.00460473896,Media
2,445,668,7,97992.10974264811,125213.79204425622,Media
0,492,1023,4,190382.75542990776,129217.2520083779,Media
1,230,546,6,112065.88943992916,106786.91102852572,Media
1,173,519,9,142869.0032949632,106639.12399114648,Media
1,424,212,11,154808.68507391695,104623.21747930154,Media
2,180,574,3,112588.85418836224,125051.76626233368,Media
0,504,480,15,127477.52155784948,174284.16513638358,Media
0,378,715,16,177014.1757919625,73068.7987610414,Media
0,443,490,14,137128.30523149934,168279.85282425664,Media
1,297,749,9,226518.8027364869,107697.01457561128,Media
1,266,643,6,108766.58760659584,57904.59412886889,Media
1,182,624,3,117958.53609375616,98892.0150639126,Media
0,427,457,12,82864.86409930437,74298.69759309471,Media
1,294,221,9,153889.99194021942,113729.48531193777,Media
1,401,232,4,111875.3635965872,190799.4751517042,Media
0,185,547,5,132381.15131256753,71946.07807580745,Media
2,500,1196,8,69036.73487862703,73992.81153761226,Media
1,165,610,8,120066.27326558264,133290.5157250835,Media
1,423,646,14,128708.4696648316,100688.27200897576,Media
1,503,762,7,90944.01510332015,72564.76094130854,Media
0,137,1004,11,177711.17343615988,168898.4530770427,Media
0,203,306,10,174542.09911000892,169197.51875437627,Media
2,147,751,8,76680.50799228622,64627.70626305878,Alta
2,82,912,8,67918.25004255147,58730.40215486836,Alta
0,339,801,15,113332.34750064265,154962.8605567879,Media
1,195,451,7,160082.1020978571,184773.8462766192,Media
2,175,887,6,111278.0438591334,93234.4156416429,Media
1,394,744,15,123075.69382762292,95775.79286348417,Media
0,490,899,13,183337.6078054356,142589.5049141222,Media
2,159,731,5,164025.347444534,98294.15738630429,Media
2,231,538,15,63123.0770668262,197758.84416215567,Media
0,127,530,11,52607.9618376029,56085.44950846534,Media
1,408,253,14,156122.59132973905,148631.51187507587,Media
2,416,815,10,99459.68451035136,161283.77234860652,Media
0,203,321,9,170822.17601628226,200678.29808462865,Media
0,494,511,16,114948.82828824864,197716.9390879596,Media
0,529,459,13,130093.33101869289,180849.92745498044,Media
2,203,439,14,111148.92522410832,151443.63305871634,Media
2,189,680,13,148931.15807706944,169208.15176324974,Media
2,362,811,15,147958.41837779852,94381.07791767368,Media
0,425,202,11,140284.54317390648,143712.17593464095,Media
1,97,301,10,158549.8127827311,130520.38421162764,Media
1,458,479,11,141065.52502077614,144759.86700763897,Media
0,127,997,14,207470.331655122,152625.09220487735,Media
1,433,696,6,94994.70222257305,93546.11164785064,Media
0,247,897,9,153179.72520259596,38799.19573580401,Media
2,451,664,6,127104.66293121956,53803.37073027672,Media
2,410,629,16,145196.3530905375,83648.81671161039,Media
2,173,739,8,120089.39918670723,82792.87336720513,Media
0,406,693,12,141506.8885100245,52791.38329215137,Media
2,170,758,14,153565.64279861725,154762.23967624913,Media
1,210,396,5,109713.76625339284,53984.46179912937,Media
2,587,607,6,150096.07000454253,37664.23764150658,Media
2,280,602,8,158891.29106012918,165580.97740966725,Media
1,261,669,7,164421.90520573262,39760.15078139068,Media
3,297,510,2,142451.96918140267,127981.9565087479,Media
1,189,524,7,73082.52608749444,82453.34919771779,Media
1,165,162,15,74048.19305646252,129473.99731280011,Media
1,324,720,14,180073.43527401672,114691.3314094976,Media
2,232,346,6,130899.94833138026,172931.80954740942,Media
2,277,682,14,107657.3975215705,58430.92645991679,Media
0,390,509,10,147760.61463703436,166094.47781983373,Media
0,448,495,16,125502.83434650472,159865.21814087103,Media
1,336,813,12,184473.11081732856,71904.25783712277,Media
2,206,518,11,146613.7946714344,93048.02026768896,Media
0,213,607,5,96894.11764658109,58145.18937976155,Media
0,210,957,9,158469.11657930925,92271.71237524344,Media
1,83,94,10,196398.6283993825,95192.87449427026,Media
1,318,792,10,74895.99349310077,157511.18028329613,Media
2,184,747,5,165463.43741119906,90904.81294156871,Media
1,135,433,17,102188.85737282608,166539.09076180775,Media
0,269,440,6,148035.132714183,155390.11404167773,Media
2,356,513,12,126785.30493590176,210577.80675032164,Media
2,108,844,6,78806.65133599925,65903.99689942859,Alta
2,85,559,6,138941.21812229772,71239.68659564911,Media
2,258,461,18,52974.66300437216,193320.092637118,Media
1,407,376,12,139970.75352212755,159565.62293288295,Media
0,367,968,8,149918.63972043814,143669.04936420405,Media
3,155,605,6,149998.879207356,159469.77920798786,Media
2,217,656,15,56938.28306722023,191454.3380286292,Media
1,169,742,7,105077.91031348886,70700.16375061707,Media
2,421,631,13,106974.55682561516,192452.7000155526,Media
0,150,399,15,62073.83409098839,167556.59959360646,Media
1,277,719,9,179929.2298521105,50996.7839762269,Media
2,210,485,7,114923.81592450384,140268.8911656328,Media
0,405,135,12,153921.568992327,143238.08363783924,Media
2,219,774,5,69381.1609822511,74270.11625077731,Alta
1,201,890,10,182353.9310210292,98904.03855638926,Media
0,388,528,7,86535.36079408738,192969.684213566,Media
1,431,593,5,138379.40697827336,142589.81120918103,Media
1,186,908,10,103182.45682527554,61701.30217907463,Media
2,273,1043,14,154556.00499356288,76974.29924706851,Media
0,502,999,5,195139.06209418905,113586.27454589435,Media
2,100,736,4,49471.76595698732,103995.33935942929,Alta
2,197,752,9,154759.778904339,148969.11419966456,Media
3,433,621,13,130731.84410784324,188139.8431017029,Media
0,150,464,8,173168.91972299042,186549.100071889,Media
1,310,275,9,135549.8475335334,117867.83854032125,Media
1,277,946,9,200345.5738675452,110961.60759616178,Media
1,178,203,13,116287.90134421886,75655.26573812301,Media
1,293,519,9,175835.80782701567,148639.5899532105,Media
0,326,390,14,187015.82235287444,147004.6516639246,Alta
0,246,935,7,162779.83572215177,81007.43012434873,Media
1,519,781,7,93792.47897905728,76281.9280198399,Media
1,327,259,11,163063.19678533715,188984.2182023177,Media
1,481,484,12,155250.7043921594,146646.6352872873,Media
0,486,353,7,107866.28024215568,90335.09219147876,Media
1,210,708,6,91223.26869302348,68187.65015021939,Media
1,378,670,11,78394.37588317679,111481.18634377966,Alta
0,483,598,7,87024.27737760442,176357.2201879648,Media
2,118,614,15,148652.13434454642,195174.5519192489,Media
1,307,789,9,74992.40171165786,133113.8805050589,Alta
1,244,613,16,209727.06747728967,171033.1293509859,Media
1,201,599,6,87737.7601347902,126174.34839664592,Media
0,494,452,15,108915.8650262767,181064.9527494512,Media
2,282,590,13,121677.71389852984,165227.01066883685,Media
2,165,534,9,124085.24099035333,58893.7882034212,Media
1,490,959,7,122557.61048541818,87952.11549850045,Media
2,309,398,6,108929.45875833498,165929.37078394668,Media
1,91,349,8,57117.36772660287,132940.18777702062,Baixa
2,254,545,14,89719.7559728394,150982.49821546176,Media
2,373,595,3,168316.86994824064,150366.20982111184,Media
0,507,421,13,153819.52796733752,199866.85899149664,Media
2,403,709,7,166886.73815359065,117509.49937549845,Media
0,418,1038,6,215938.1820846171,104720.67676684311,Media
0,450,532,14,157170.10826305108,179220.37465872694,Media
1,252,411,13,46923.91957106116,107043.84919247328,Media
1,292,349,16,177026.7386363435,144978.36443967072,Media
2,198,530,10,137966.0692533166,150360.212118621,Media
1,78,797,14,113139.40858526954,62655.25665707196,Alta
2,479,607,6,125879.48119850828,46746.26596613115,Media
0,215,427,7,168033.66618203963,107367.30392808514,Media
0,262,191,14,207738.3289523636,137518.57116608927,Alta
0,228,206,10,45046.91350936138,94817.52294193946,Media
1,147,655,10,138580.2352720755,108284.2111332634,Media
1,424,182,7,189614.68524973743,148709.2034726522,Media
2,169,758,8,110378.82921443548,147217.20365528553,Media
2,101,259,14,132814.77936880596,118735.77973832536,Media
2,224,329,4,143131.70480155706,179538.86738016515,Media
2,397,593,4,152148.3402507093,108052.5287366372,Media
1,244,384,5,165268.84644195455,173084.65296597168,Media
2,324,631,13,168484.44175944448,110732.17632272231,Media
0,397,371,10,94643.28307398946,79536.14202263948,Media
0,427,708,13,183155.87048835805,144648.51949471995,Media
1,105,378,15,98256.69468000391,154826.06807787984,Media
1,181,560,9,192308.047435852,143230.6846986354,Media
1,251,63,12,82330.60209367504,102493.6653892734,Media
2,235,696,11,129154.67002430768,128759.5875488632,Media
0,32,86,1,33467.76104697589,54443.12956204212,Baixa
0,100,150,4,24203.59257718557,18313.142645153708,Baixa
0,89,151,4,56528.40238016069,37175.72247673933,Baixa
0,41,193,0,40155.65916049342,52680.650699373655,Baixa
0,74,137,0,38603.80844457458,25993.573423363712,Baixa
0,45,144,3,11754.304888854036,24774.398790938747,Baixa
0,17,1,4,48780.033413149744,22175.801326009805,Baixa
0,37,75,0,40610.49589907239,42329.47937527941,Baixa
0,39,114,5,32981.83427936497,23529.88609131744,Baixa
0,92,102,4,42287.62277383907,9067.424107282415,Baixa
0,12,70,3,18342.20048171408,36277.18791009115,Baixa
0,56,183,6,29902.000517164684,16425.611581489175,Baixa
0,44,173,5,15065.268942233395,28611.944867846458,Baixa
0,78,0,1,11522.25188753457,39724.08118057403,Baixa
0,0,202,3,29137.712172526324,34869.20188329984,Baixa
0,0,83,5,43219.06339608603,36221.84130143023,Baixa
0,119,102,2,2732.1785574861588,0.0,Baixa
0,81,39,2,22302.84561397064,33917.43340235792,Baixa
0,91,167,1,10536.600269055853,34387.863826580404,Baixa
0,97,188,3,29612.484133246016,18772.98121822755,Baixa
0,62,255,3,57988.876706488096,8569.744050514473,Baixa
0,19,174,3,29962.42422135694,23870.161304615307,Baixa
0,51,0,4,0.0,0.0,Baixa
0,82,170,0,47041.55779370566,21611.08413894067,Baixa
0,34,173,4,33949.88867167109,0.0,Baixa
0,51,142,3,14537.250929381797,4588.862544713616,Baixa
0,40,67,0,20857.91018083795,0.0,Alta
0,4,17,0,35269.13322566083,43179.285668189455,Baixa
0,58,40,4,50841.61729804492,5059.487172066628,Baixa
0,109,123,4,20854.78315763944,33651.23301927981,Baixa
0,95,107,4,919.539713403322,30524.595602575457,Baixa
0,30,160,1,51004.34937741317,1281.178409937872,Baixa
0,32,128,3,47043.91818846717,11495.56503604412,Baixa
0,0,0,4,49024.972121037,32729.264364615028,Baixa
0,44,21,7,39150.94208256255,11748.30414873678,Baixa
0,47,0,4,6263.822938887746,39875.66236654964,Baixa
0,8,28,1,42583.14856463901,40669.62778381736,Baixa
0,47,170,5,0.0,24437.82917747765,Baixa
0,77,0,1,40810.89022694248,6414.821130203081,Baixa
0,79,172,0,46235.17781114164,41615.291749607015,Baixa
0,31,170,4,44909.94875083624,47513.07767447808,Baixa
0,100,218,2,13866.30044874252,31427.75684139804,Media
0,30,3,5,50092.673047244585,21545.120806155108,Baixa
0,52,135,3,15360.471784522651,37860.13969071725,Baixa
0,60,90,0,15193.002997481077,42847.39261542872,Baixa
0,7,120,4,16304.554197702771,177.76095009474284,Baixa
0,96,71,1,3078.265658734042,32965.63446751802,Baixa
0,0,55,5,41615.50340571792,18747.905930408,Baixa
0,24,105,3,32247.849816508497,44581.66170657437,Baixa
0,10,210,1,7759.672790063036,40768.023080575935,Baixa
0,15,72,0,35029.695686352825,42061.53983851773,Baixa
0,29,36,0,6648.368420961366,30169.65923924452,Baixa
0,77,98,0,176.2543522679698,13421.794038439686,Baixa
0,80,172,1,44837.0640940996,4223.9827769687645,Baixa
0,52,59,0,21587.75603016608,4359.5739739986,Alta
0,43,145,3,18106.52544563281,9454.323529014144,Baixa
0,42,90,5,12433.209335764986,0.0,Baixa
0,80,182,0,44324.8270956756,28760.236985899788,Baixa
0,29,36,5,48757.26573999882,24986.391912409923,Baixa
0,52,18,2,16135.885633038484,0.0,Baixa
0,14,129,5,44546.87587177715,44714.407309519855,Baixa
0,59,0,2,15031.23560512626,0.0,Baixa
0,29,112,3,31722.786173583925,36399.50353663816,Baixa
0,95,109,4,0.0,38814.31108472597,Baixa
0,82,187,0,49592.67061377067,20229.93172620523,Baixa
0,4,17,1,3070.388063304985,32203.47180767169,Baixa
0,98,183,3,15684.161398172462,25336.37104092904,Media
0,86,11,0,12646.021430184015,22511.50451263467,Baixa
0,43,14,2,42731.323843801394,43000.30335359083,Baixa
0,80,133,0,47533.284251176185,26269.88270804724,Baixa
0,67,98,0,57812.9840149426,26896.31894486041,Baixa
0,25,115,4,23126.99988634181,18498.28667000193,Baixa
0,79,85,3,36241.33394163675,22398.99188302777,Baixa
0,96,108,2,0.0,2042.0551403028348,Baixa
0,46,121,2,52760.81134939368,12287.347228827004,Baixa
0,93,181,5,24399.25293684205,12402.96711619746,Media
0,43,123,0,8437.226908579038,0.0,Alta
0,82,162,4,53896.712509935576,37840.07159741229,Baixa
0,41,128,1,20945.490498251944,14659.45119882909,Baixa
0,2,145,0,5559.99778376725,26259.20974889503,Baixa
0,56,44,3,55214.295588379326,16225.162482876138,Baixa
0,92,54,5,9564.612546392773,32553.997605466862,Baixa
0,66,64,0,5590.038885012916,12356.739251334731,Baixa
0,40,97,5,45590.27527777625,45367.97812188481,Baixa
0,5,82,1,37850.60215770612,37461.041678484486,Baixa
0,0,127,5,27141.86174259036,12251.503558880797,Baixa
0,20,94,2,11160.246858031778,21526.06783908936,Baixa
0,68,156,0,17431.567639664274,45313.68682449866,Baixa
0,69,131,2,51298.21234607933,14772.82365267507,Baixa
0,55,22,4,32964.988951824285,14000.943782863553,Baixa
0,19,110,3,16887.451019068205,9013.452538649568,Baixa
0,16,7,6,40343.76746236792,21556.731444762965,Baixa
0,77,102,0,8649.31628247459,19790.38260658677,Baixa
0,61,132,5,40048.52196548635,20518.258812413504,Baixa
0,88,142,4,25943.694773172658,31827.45526598337,Baixa
0,12,117,1,3321.268537717807,34005.03914898117,Baixa
0,83,213,0,11458.074972089826,34088.10339595809,Baixa
0,89,33,1,13799.744376982087,32247.248982859004,Baixa
0,85,139,4,34505.88260167823,500.16973632634017,Baixa
0,43,142,4,49641.38639866745,12776.133222981538,Baixa
0,46,13,6,16007.518138496946,45440.306175462734,Baixa
0,27,70,5,21214.174298166858,0.0,Baixa
0,8,101,5,21515.48970593495,4530.988936646479,Baixa
0,101,192,4,29712.191843342072,14522.47276450448,Media
0,82,74,2,28253.32183136573,25928.37344761824,Baixa
0,19,191,2,35021.08084796095,41571.8335898356,Baixa
0,65,7,4,10780.096653720406,51946.73921117059,Baixa
0,39,0,6,41785.866202909325,13623.097857316669,Baixa
0,0,0,3,20029.116557470465,0.0,Baixa
0,43,36,6,14007.531648217056,0.0,Baixa
0,73,62,2,34143.29223109314,21865.76193725313,Baixa
0,8,0,5,4523.716922854104,0.0,Baixa
0,42,221,6,15140.625364275407,26666.16227670917,Baixa
0,2,156,0,14474.83257421211,51026.703493942005,Baixa
0,29,155,6,3893.887255905224,44593.74934015123,Baixa
0,102,210,2,27734.153780522345,28958.960269333704,Media
0,83,119,4,45844.8770848132,23042.179663979063,Baixa
0,59,33,2,16552.030521853896,0.0,Baixa
0,64,0,5,7591.204424957654,1616.913403323085,Baixa
0,40,77,4,41809.84888279967,45026.542436455165,Baixa
0,17,18,4,19420.13082388657,11254.118796097788,Baixa
0,43,0,6,33707.55924303187,54951.93186998872,Baixa
0,61,122,3,43084.155465575954,13269.706241824424,Baixa
0,51,123,4,11108.395929941556,7027.32533129049,Baixa
0,83,71,5,3281.540956709494,28833.422710940424,Baixa
0,22,172,0,14273.754149504992,39956.48285037311,Baixa
0,48,0,3,19664.82971656412,0.0,Baixa
0,112,200,4,49401.3451103282,28686.343620000487,Baixa
0,0,45,4,52028.39394312804,17252.149907761686,Baixa
0,69,11,4,53305.22324250751,9690.320948647506,Baixa
0,84,94,4,29849.60503533543,21789.328733896804,Baixa
0,34,182,4,25926.005819235896,19336.703769308384,Baixa
0,90,33,1,8344.696118099935,19065.55385008855,Baixa
0,34,216,2,33594.50934465288,52804.71182633394,Baixa
0,58,0,2,1789.8084013095165,1890.5426991119384,Baixa
0,7,29,5,16559.172048980316,14219.25474809346,Baixa
0,92,196,2,13884.2109381255,23785.56807651595,Media
0,14,216,0,21738.62148578905,55802.47297663511,Baixa
0,28,0,3,47428.26791022537,28715.937685611643,Baixa
0,50,0,2,18455.25879281981,8023.886224929551,Baixa
0,88,172,0,0.0,38523.44704805332,Baixa
0,34,7,4,15093.104442338612,55414.352554444704,Baixa
0,5,101,1,35703.4161383064,33955.285969596735,Baixa
0,8,92,5,47097.085147937454,41845.52540621796,Baixa
0,68,15,4,46460.0109274288,23211.01427385524,Baixa
0,108,183,2,16100.961181079214,23909.5299696869,Media
0,60,126,2,25299.83060791628,40839.83626814608,Baixa
0,57,94,2,38239.60031822124,27444.51779283934,Baixa
0,78,78,3,37940.59046066059,14382.035258058571,Baixa
0,108,95,0,7626.778922960082,36645.72639356271,Baixa
0,99,215,0,33588.984608264225,37800.60954552988,Baixa
0,16,188,2,30554.232541881003,26295.93148570192,Baixa
0,48,0,2,6197.944450685149,0.0,Baixa
0,84,194,0,44343.11517743313,45798.30247276731,Baixa
0,61,158,5,36561.74296635039,16204.352625543352,Baixa
0,52,100,1,46257.61940136908,20572.97963224815,Baixa
0,64,168,1,40185.18716701947,0.0,Baixa
0,26,27,5,51257.89647385762,9769.856716464556,Baixa
0,10,35,2,11589.932537781511,41534.383080033134,Baixa
0,107,82,5,33945.33087631857,20756.030665934148,Baixa
0,22,162,2,29028.177845034294,35170.77373363982,Baixa
0,82,20,0,11808.627278310274,20003.60792018164,Baixa
0,52,147,3,47125.4997197698,6210.744677133394,Baixa
0,57,0,2,5808.343274945328,2565.824880719628,Baixa
0,2,192,4,33715.28700754934,32587.066679259977,Baixa
0,1,166,4,25588.24674070465,40526.73450804758,Baixa
0,32,137,4,10666.981115869565,6076.308026764375,Baixa
0,34,126,2,26410.945786748096,38034.42172953487,Baixa
0,10,8,3,22791.66882522688,0.0,Baixa
0,16,152,5,35057.05252739256,32539.20116815428,Baixa
0,103,158,5,16158.793256631672,39017.64090814845,Baixa
0,0,1,3,58313.30895146403,17936.153537059025,Baixa
0,72,18,3,20663.001997084943,37727.40215391469,Baixa
0,33,7,1,45560.01836909861,0.0,Baixa
0,70,22,3,43094.16222065065,9724.24605960532,Baixa
0,101,142,0,39073.75520565286,48485.052284790014,Baixa
0,23,45,3,42328.68316017232,26517.74103435816,Baixa
0,46,8,5,56666.46616401276,6895.760898307242,Baixa
0,86,248,4,33255.42404134018,9677.35521705142,Baixa
0,27,24,5,57247.4305401254,20547.781284548368,Baixa
0,20,95,3,12115.382149044852,35604.591797367,Baixa
0,43,82,3,13551.858969591796,20908.56379303479,Baixa
0,107,96,6,0.0,34779.11966049847,Baixa
0,69,64,6,0.0,0.0,Baixa
0,72,234,2,27277.320996999944,14608.28158325511,Alta
0,14,151,0,12955.75248239486,24034.253328459206,Baixa
0,30,178,6,24579.97577803095,39914.38192044714,Baixa
0,37,203,4,25743.92707785582,27621.6492436975,Baixa
0,81,40,1,15015.709075872608,22270.91779974731,Baixa
0,32,216,1,44394.28003204301,45816.64519318636,Baixa
0,31,169,2,28658.878285351217,42659.88772869603,Baixa
0,66,125,6,25091.94181255081,11578.626175161777,Baixa
0,6,8,5,4069.601450580807,4334.660348027014,Baixa
0,28,51,3,7116.817582335602,45114.90005894424,Baixa
0,32,44,3,53072.03536272406,14619.13954646374,Baixa
0,11,111,5,17800.995916067226,2199.100502233705,Baixa
0,1,0,4,46189.81853188114,27601.968936599675,Baixa
0,54,33,1,40272.57993294463,53399.8291335096,Baixa
0,91,121,4,18697.346722518385,12505.24813485583,Baixa
0,88,130,2,7952.789431805191,2746.2569464597573,Baixa
0,71,51,2,24749.93456621525,22210.21093512983,Baixa
0,0,127,4,17923.240735936288,14960.512750473012,Baixa
0,6,113,4,42102.66302268089,32860.83227132612,Baixa
0,35,139,1,15286.764718864806,28385.98745781262,Baixa
0,17,184,3,31168.440811729684,39334.1851354352,Baixa
0,76,154,6,34717.50957113127,24722.59652744067,Baixa
0,40,141,0,29910.13080150913,33019.770153503334,Baixa
0,80,176,2,41936.32951819301,0.0,Baixa
0,0,214,0,16197.517727905904,37498.64508747892,Baixa
0,50,117,1,15364.048771443164,30163.48010593287,Baixa
0,68,199,0,5070.635680362759,28410.94654436649,Baixa
0,54,0,3,46176.43605603719,21223.09431710565,Baixa
0,36,6,1,3694.716605463776,48351.0736980474,Baixa
0,40,130,2,58294.96159214559,22916.059050062,Baixa
0,38,101,5,10409.100637850715,56.47165005844363,Baixa
0,42,77,1,7687.300403025513,17026.77557766864,Baixa
0,64,146,2,31833.9678542133,19277.946984817667,Baixa
0,88,181,0,52093.23118963775,21947.915229925384,Baixa
0,55,159,1,19220.68005280457,24321.458976634203,Baixa
0,11,167,3,35752.9367021169,42874.08425309695,Baixa
0,28,203,2,39765.771807054654,41007.79539886709,Baixa
0,64,70,5,46918.41279692144,46398.09352143306,Baixa
0,52,143,4,33003.07610794947,17028.0306512966,Baixa
0,2,16,2,55063.96436008655,12699.63325111464,Baixa
0,10,188,3,31023.73360077186,30024.11380595852,Baixa
0,27,146,4,14251.410415080423,10344.68019881372,Baixa
0,74,202,0,45685.832378092055,26533.319789951427,Baixa
0,23,129,4,11942.988092980935,10440.422192253624,Baixa
0,33,107,0,32024.016047116274,51360.712445717945,Baixa
0,0,43,6,36719.969329497,22713.054217871657,Baixa
0,38,24,4,38625.41561175696,25831.466061114468,Baixa
0,99,183,3,3545.9209456511053,25774.4311468263,Media
0,113,197,0,6861.396214187442,35000.82031374642,Baixa
0,17,193,4,31323.2438971524,21613.11164012384,Baixa
0,17,0,4,21222.840771832623,10149.480072275834,Baixa
0,46,144,1,24538.215851301728,36603.13591159565,Baixa
0,68,217,0,7735.19210285105,26594.75045141117,Baixa
0,9,200,4,23181.01644136043,42702.93501399517,Baixa
0,90,175,5,16717.419421278937,29983.749204514334,Baixa
0,86,100,3,9728.074091536368,8393.244581764035,Baixa
0,30,160,0,13721.921625118835,31701.57409410642,Baixa
0,32,168,5,30361.598417071305,46440.185014815135,Baixa
0,77,110,4,55548.37613720565,24744.50273649775,Baixa
0,68,150,2,6542.76483446517,37124.87151925299,Baixa
0,4,77,5,38458.83323644347,23642.63624396044,Baixa
0,0,34,2,51634.43906851733,29181.57172099884,Baixa
0,85,174,4,24660.599664617035,10578.377359471848,Media
0,60,15,3,3197.1028457639886,3207.3529593319413,Baixa
0,105,99,0,0.0,34234.245400443055,Baixa
0,44,151,0,10495.380738256405,36770.2038540546,Baixa
0,72,7,3,16690.63316506136,50071.358565003786,Baixa
0,66,254,1,29558.883575135147,29830.801286923182,Alta
0,68,128,0,14423.43779551894,6243.028732596137,Baixa
0,38,178,4,36455.55523391919,15805.75470625768,Baixa
0,29,156,6,25812.323583435187,20898.336157920403,Baixa
0,81,35,0,12238.490443413346,22857.2972902908,Baixa
0,8,0,4,41764.73218944913,24580.509490223947,Baixa
0,28,37,5,44323.29025687184,23463.606552945286,Baixa
0,77,198,1,6641.126264547196,33999.71429973464,Baixa
0,73,0,4,37932.16587520116,0.0,Baixa
0,0,0,3,54203.25697115071,29701.42584873104,Baixa
0,17,14,1,9888.22964867984,36160.209726287365,Baixa
0,88,201,4,30481.42172658397,4843.113815596225,Baixa
0,78,4,4,43642.472129212205,16074.48393797144,Baixa
0,59,0,2,15546.74037650971,36978.98925940495,Baixa
0,89,188,4,34935.72739731352,17931.209396737417,Baixa
0,73,157,1,40327.04492052423,25061.592098099893,Baixa
0,38,206,3,31591.5983844913,3365.631707909733,Baixa
0,75,187,4,31065.00550569056,3467.997666076596,Baixa
0,29,57,5,7716.843588033344,0.0,Baixa
0,57,27,6,22650.656918831883,52678.25797134367,Baixa
0,18,132,1,0.0,30890.39589115983,Baixa
0,107,91,5,0.0,34058.800852889064,Baixa
0,20,163,2,29756.7596522192,39053.10306467436,Baixa
0,15,103,4,37915.2121376997,38406.78489972292,Baixa
0,84,57,1,6119.008243427612,34794.888850210125,Baixa
0,119,163,5,20960.44885165281,38572.05648142287,Baixa
0,69,228,0,50036.084739420105,0.0,Baixa
0,5,178,0,11449.130546634162,48971.07063836416,Baixa
0,98,200,4,20509.48468425841,35376.88975642955,Baixa
0,66,0,7,15787.471294336,36588.43767043653,Baixa
0,44,42,0,21172.091378864323,47962.402265230936,Baixa
0,0,67,1,36733.00915194833,36288.98813183131,Baixa
0,33,189,4,7287.101451684565,29562.42981639423,Baixa
0,67,111,2,44273.72551357715,58102.45801536323,Baixa
0,25,161,2,44881.78237431478,40184.12773334736,Baixa
0,49,160,5,25183.38529674791,18567.78371332876,Baixa
0,77,201,5,33835.410269406675,20480.86200202317,Media
0,44,228,2,39280.089486082106,15073.951873538985,Baixa
0,9,201,0,13092.372500631232,44973.11161975545,Baixa
0,17,164,5,22901.420756475247,23640.09476712895,Baixa
0,68,121,4,35983.801292319884,17961.957066074818,Baixa
0,70,31,3,33679.453074628946,14543.590080867049,Baixa
0,32,55,6,0.0,13689.486900474,Baixa
0,47,130,2,41371.86509763394,26755.91039911953,Baixa
0,22,153,3,15334.33257409919,35343.442736392964,Baixa
0,18,122,1,42507.20558687455,48921.74284582037,Baixa
0,69,0,0,8363.40632607281,28711.175013125365,Baixa
0,19,17,5,10115.013987361002,0.0,Baixa
0,23,225,4,33453.08997311412,41126.15651984598,Baixa
0,75,198,2,47426.13155975676,27463.212975833325,Alta
0,41,150,4,10903.3005662235,0.0,Baixa
0,93,85,1,6548.211615544094,42276.51042809132,Baixa
0,12,25,4,16844.52863921019,12177.914569964338,Baixa
0,16,176,1,40647.299515532446,49258.97121137678,Baixa
0,66,9,1,13215.996771928763,0.0,Baixa
0,24,207,2,35863.065678482,52741.44086850154,Baixa
0,85,177,0,33985.93217672224,26949.117419869726,Baixa
0,46,105,3,32648.50046099055,22671.09038537685,Baixa
0,32,43,1,8545.250717287909,39939.22837406394,Baixa
0,73,9,3,50062.15356670666,12132.178924882272,Baixa
0,3,116,5,44917.37217834315,37503.018029194434,Baixa
0,42,135,3,10671.07931271325,0.0,Baixa
0,49,69,2,38935.65277106602,35999.81102664133,Baixa
0,46,236,3,53306.69947463516,8647.342352026102,Baixa
0,28,38,3,44639.261438730166,43694.54427264341,Baixa
0,2,20,2,5723.928853753061,35741.881765141465,Baixa
0,60,157,3,45386.72233456127,10011.940476809705,Baixa
0,89,220,1,11081.312883916102,35809.50655357324,Baixa
0,25,131,2,14803.58773482995,6823.973997985305,Baixa
0,53,111,0,29509.335215684583,0.0,Alta
0,5,105,5,41938.3151801621,37262.31680138218,Baixa
0,23,109,4,8964.36342597639,974.1603904297028,Baixa
0,99,237,4,21358.02548493529,6800.575159901095,Media
0,11,244,5,34058.126991408935,27025.9757317138,Baixa
0,48,189,6,24846.28847960264,31415.508481760367,Baixa
0,75,180,0,43309.8561055027,17383.95545968052,Baixa
0,77,200,0,13028.933956792134,48959.243453696894,Baixa
0,103,210,1,50946.30104750376,30815.90767126868,Baixa
0,91,113,2,394.1532942779704,32142.350973174096,Baixa
0,44,225,4,35113.31257380865,43892.27354207681,Baixa
0,14,0,4,14968.0374047329,4451.075994257456,Baixa
0,3,132,0,13503.101311343456,29987.80451432193,Baixa
0,0,85,5,35148.977448320446,34436.633808360755,Baixa
0,54,93,2,42626.50431965468,17454.94779826795,Baixa
0,65,92,4,37632.88666363428,21655.96321744882,Baixa
0,79,0,0,2643.9653016399807,22028.260575846,Baixa
0,7,98,5,48860.47234873332,49625.98050424867,Baixa
0,39,19,4,51450.48582990186,16362.001548850698,Baixa
0,39,114,2,45042.86446533093,42454.13873038608,Baixa
0,69,36,2,12451.499485371787,0.0,Baixa
0,69,171,0,7652.9467515044835,26039.77677935328,Baixa
0,31,0,2,12254.493835673196,35823.56719163591,Baixa
0,70,34,5,24165.03211792581,44368.65084664321,Baixa
0,115,178,2,11368.198913641038,25862.097685780995,Media
0,0,118,6,12238.71618465785,9052.356838801636,Baixa
0,76,142,2,18232.4621088886,31353.87983004866,Baixa
0,90,103,5,4127.885688671636,37237.305237517074,Baixa
0,37,0,2,8507.158943534363,509.1584770003937,Baixa
0,72,0,3,4985.602552425857,0.0,Baixa
